"","vitals_gender","n","mean_age","vegfa_mean"
"1",1,48,62.7446808510638,5.27875
"2",2,44,66.6818181818182,5.76363636363636
"3",NA,11,NA,5.79272727272727
